{"cameraMode":{"drawMode":0,"name":"Shaded","section":"Shading Mode"},"sceneLighting":true,"audioPlay":false,"sceneViewState":{"showFog":true,"showMaterialUpdate":true,"showSkybox":true,"showFlares":true,"showImageEffects":true,"showParticleSystems":true},"in2DMode":false,"pivot":{"x":1.004407286643982,"y":-0.8942201733589172,"z":0.6489225029945374},"rotation":{"x":0.10764366388320923,"y":-0.8692495822906494,"z":0.2171563059091568,"w":0.43088409304618838},"size":22.654281616210939,"orthographic":false}